gene,PART,JRip,RandomForest,J48,NaiveBayes,Logistic,IBk,AdaBoostM1,MultilayerPerceptron,mean,std
APOE,-0.024,0.062,0.052,-0.024,0.115,0.082,0.021,0.037,0.077,0.044222222222222225,0.047153413921416594
APOC1,0.0,-0.071,-0.01,0.0,-0.071,-0.071,0.0,-0.071,-0.02,-0.034888888888888886,0.03483692166525497
