gene,MCC,std,logMCC,zscore,pvalue,qvalue
APOE,0.044222222222222225,0.047153413921416594,0.07613765698092309,1.0,0.31731050786291415,0.31731050786291415
APOC1,-0.034888888888888886,0.03483692166525497,0.0,-1.0,0.31731050786291415,0.31731050786291415
